School No,School Name,City,Category,Offering
5018506,AADHAV PUBLIC SCHOOL,Perambalur,2 Products,"Ei CARES, Ei Mindspark"
5018350,Akash International School (Managed by Vedant Group of Schools),Jamnagar,2 Products,"Ei ASSET,Ei Mindspark"
3534332,Akshar Arbol International School,Chennai,2 Products,"Ei ASSET, Ei Mindspark"
3557796,Akshar Arbol International School,Chennai,2 Products,"Ei ASSET, Ei Mindspark"
1558722,Alma Mater School,Jodhpur,2 Products,"Ei ASSET, Ei Mindspark"
5051627,Anubhav School,Ahmedabad,2 Products,"Ei ASSET,Ei Mindspark"
4041890,"Apeejay School, Bhubaneswar",Bhubaneswar,2 Products,"Ei ASSET, Ei ASSET,Ei Mindspark, Ei Mindspark"
5018035,"Apeejay School, Haldia",Haldia,2 Products,"Ei ASSET, Ei Mindspark"
251230,"Apeejay School, Salt Lake Branch",Kolkata,2 Products,"Ei ASSET, Ei ASSET,Ei Mindspark, Ei Mindspark"
255648,Apeejay School- Parkstreet,Kolkata,2 Products,"Ei ASSET, Ei ASSET,Ei Mindspark, Ei Mindspark"
3990168,Apex Academy,Purba Medinipur,2 Products,"Ei ASSET, Ei CARES"
1204891,"B.K Birla Public School, Kalyan",Kalyan,2 Products,"Ei ASSET, Ei Mindspark"
5014914,BAPS Swaminarayan Vidyamandir Girls Residential School,Gandhinagar,2 Products,"Ei ASSET, Ei Mindspark"
3705528,Canary The School,Hyderabad,2 Products,"Ei ASSET, Ei CARES"
23246,"Carmel High School, Basaveshwarnagar",Bengaluru,2 Products,"Ei ASSET, Ei Mindspark"
347614,Chanderbala Modi Academy,Ankleshwar,2 Products,"Ei CARES, Ei Mindspark"
5039845,Chandigarh Baptist Senior Secondary School,Chandigarh,2 Products,"Ei ASSET, Ei Mindspark"
1879439,Christel House India,Bengaluru,2 Products,"Ei ASSET, Ei Mindspark"
3286324,Deens Academy - Gunjur,Bengaluru,2 Products,"Ei ASSET,Ei Mindspark"
650967,Deens Academy -Whitefield,Bengaluru,2 Products,"Ei ASSET,Ei Mindspark"
700517,Disari Public School,Haldia,2 Products,"Ei CARES, Ei Mindspark"
3368257,Discoveri Oaks School,Hyderabad,2 Products,"Ei ASSET,Ei CARES"
5017080,Discoveri Oaks School (CBSE),Hyderabad,2 Products,"Ei ASSET,Ei CARES"
4156961,Disha India Community School,Karnal,2 Products,"Ei ASSET, Ei Mindspark"
308823,Doon Public School,Panchkula,2 Products,"Ei ASSET, Ei CARES"
17080,EDUADVAITA (C/O KAMALANIKETAN MONTESSORI SCHOOL),Trichy,2 Products,"Ei CARES,Ei Mindspark"
201355,East Point School,Delhi,2 Products,"Ei ASSET, Ei Mindspark"
1581683,Fazlani L'Academie Globale,Mumbai,2 Products,"Ei CARES, Ei Mindspark"
3693693,GEAR Innovative International School Neuron,Bengaluru,2 Products,"Ei ASSET,Ei Mindspark"
3745576,Gangotri International School,Gondal,2 Products,"Ei ASSET, Ei Mindspark"
3106413,Gems Genesis International School,Ahmedabad,2 Products,"Ei ASSET, Ei Mindspark"
3168781,Global City International School,Bengaluru,2 Products,"Ei ASSET, Ei Mindspark"
2562124,Gopal^s Garden High School,Mumbai,2 Products,"Ei ASSET, Ei Mindspark"
420525,Greenwood High (An International School),Bengaluru,2 Products,"Ei ASSET, Ei Mindspark"
3394135,Greenwood High Bannerghatta,Bengaluru,2 Products,"Ei ASSET,Ei Mindspark"
3565966,Griffins International School,Kharagpur,2 Products,"Ei ASSET,Ei CARES"
2282758,Guru Kripa Divine Grace Public School,Bahraich,2 Products,"Ei ASSET, Ei CARES"
5018499,Gurukul Global School,Chandigarh,2 Products,"Ei ASSET, Ei CARES"
440751,Hollotoli School,Dimapur,2 Products,"Ei CARES, Ei Mindspark"
3155272,IIRA International School,Vadodara,2 Products,"Ei CARES,Ei Mindspark"
562911,"JM International School, Dwarka",Delhi,2 Products,"Ei ASSET, Ei Mindspark"
3249655,Jamnabai Narsee School,Gandhinagar,2 Products,"Ei ASSET,Ei CARES"
6334,Jamnabai Narsee School,Mumbai,2 Products,"Ei ASSET, Ei CARES"
27245,Jasudben School,Mumbai,2 Products,"Ei ASSET, Ei Mindspark"
5014840,K.S.N. SENIOR SECONDARY SCHOOL,Chennai,2 Products,"Ei ASSET, Ei CARES"
5017918,KAMALANIKETAN MONTESSORI SCHOOL,Trichy,2 Products,"Ei CARES,Ei Mindspark"
3347570,"KLE Basavaprabhu Kore CBSE School, Ankali",Chikodi,2 Products,"Ei ASSET, Ei Mindspark"
3370385,"KLE C.B. Ranamode School, Athani",Athani,2 Products,"Ei ASSET, Ei Mindspark"
2509774,"KLE English Medium CBSE School, Nipani",Nipani,2 Products,"Ei ASSET, Ei Mindspark"
1805376,"KLE English Medium School, Solapur",Solapur,2 Products,"Ei ASSET, Ei Mindspark"
632896,"KLE International School, Belagavi",Belgaum,2 Products,"Ei ASSET, Ei Mindspark"
771752,"KLE International School, Rajajinagar, Bengaluru",Bengaluru,2 Products,"Ei ASSET, Ei Mindspark"
1019428,"KLE KG & English Medium State School, Nipani",Nipani,2 Products,"Ei ASSET, Ei Mindspark"
3399635,"KLE M. R. Sakhare CBSE School, Hubballi",Hubli,2 Products,"Ei ASSET, Ei Mindspark"
1312595,"KLE M. R. Sakhare State School, Hubballi",Hubli,2 Products,"Ei ASSET, Ei Mindspark"
1330320,"KLE Mahadevappanna Munavalli School, Gokak",Gokak,2 Products,"Ei ASSET, Ei Mindspark"
3347647,"KLE School, Dharwad",Dharwad,2 Products,"Ei ASSET, Ei Mindspark"
1316481,"KLE School, Gadag",Gadag,2 Products,"Ei ASSET, Ei Mindspark"
3347753,"KLE School, Haveri",Haveri,2 Products,"Ei ASSET, Ei Mindspark"
3837686,"KLE School, Lingaraj Campus, Belagavi",Belgaum,2 Products,"Ei ASSET, Ei Mindspark"
1315210,"KLE School, Manjunath Nagar, Hubballi",Hubli,2 Products,"Ei ASSET, Ei Mindspark"
2379270,"KLE School, Nagarbhavi, Bengaluru",Bengaluru,2 Products,"Ei ASSET, Ei Mindspark"
3347883,"KLE School, Saundatti",Belgaum,2 Products,"Ei ASSET, Ei Mindspark"
3886024,KLE Society^s Basava Residential Girls School - Kengeri,Bengaluru,2 Products,"Ei ASSET, Ei Mindspark"
1512812,Kamla Nehru Higher Secondary School,Bhopal,2 Products,"Ei CARES, Ei Mindspark"
3994892,Kavyapta Global School,Kharsawan,2 Products,"Ei ASSET,Ei Mindspark"
5017739,Khaitan World School,Ghaziabad,2 Products,"Ei ASSET, Ei Mindspark"
3896752,Krishna English Medium School,Rajkot,2 Products,"Ei ASSET, Ei Mindspark"
210666,Lakshmi School,Madurai,2 Products,"Ei ASSET, Ei ASSET,Ei Mindspark"
971627,Little Angels High School,Mumbai,2 Products,"Ei CARES, Ei Mindspark"
3469794,Lotus Valley School,Mandsaur,2 Products,"Ei ASSET,Ei CARES"
12539,Mahadevi Birla World Academy (Junior Wing),Kolkata,2 Products,"Ei CARES, Ei Mindspark"
3451055,Mahatma Global Gateway,Madurai,2 Products,"Ei ASSET, Ei CARES"
374785,Mallya Aditi International School,Bengaluru,2 Products,"Ei ASSET,Ei Mindspark"
5016213,"Mayoor School, Jaipur",Jaipur,2 Products,"Ei ASSET, Ei CARES"
5016893,"Meru International School, Tellapur",Hyderabad,2 Products,"Ei ASSET, Ei Mindspark"
3955038,Millennium World School-Moradabad,Moradabad,2 Products,"Ei CARES, Ei Mindspark"
3825980,"Modi School, CBSE",Rajkot,2 Products,"Ei ASSET, Ei Mindspark"
3780526,Morning Bells Academy Shayamnagar,Shyamnagar,2 Products,"Ei CARES, Ei Mindspark"
5017813,Mother Theresa Memorial School,Bengaluru,2 Products,"Ei ASSET,Ei CARES"
4002148,Mothers Public School-Khandagiri,Bhubaneswar,2 Products,"Ei ASSET, Ei CARES"
5017708,Moulya Gurukul International School,Bangalore,2 Products,"Ei CARES,Ei Mindspark"
253271,Mount St. Mary'S School,Delhi,2 Products,"Ei ASSET,Ei CARES"
5018488,Nandha Gokulam Life School,Sri Potti Sriramulu Nellore District,2 Products,"Ei CARES,Ei Mindspark"
5015049,Nurture International School,Bengaluru,2 Products,"Ei ASSET,Ei Mindspark"
5103484,PEP School V2,Bengaluru,2 Products,"Ei ASSET, Ei Mindspark"
2561674,PVPST Gujarati Medium School,Rajkot,2 Products,"Ei ASSET, Ei Mindspark"
391739,Pragyan School,Greater Noida,2 Products,"Ei CARES, Ei Mindspark"
5018668,RSK International,Thuraiyur,2 Products,"Ei CARES, Ei Mindspark"
366777,Rachana School (C.B.S.E.),Ahmedabad,2 Products,"Ei ASSET,Ei CARES"
1752,S N Kansagra School,Rajkot,2 Products,"Ei ASSET, Ei Mindspark"
3605584,"SAI International Residential School, Cuttack",Cuttack,2 Products,"Ei ASSET, Ei Mindspark"
1524162,SAI International School,Bhubaneswar,2 Products,"Ei ASSET, Ei Mindspark"
3626747,SGS International School,South 24 Paraganas,2 Products,"Ei ASSET,Ei Mindspark"
5017533,Saraswati Schooling System,Rajkot,2 Products,"Ei ASSET, Ei ASSET,Ei Mindspark"
5017849,Saraswati Vidya Mandir Senior Secondary School,Mandsaur,2 Products,"Ei CARES, Ei Mindspark"
3407332,Shiv Nadar School (CBSE),Faridabad,2 Products,"Ei ASSET, Ei Mindspark"
5016602,Shri Rama Bharti Public School - Nahra Nahri,Bahadurgarh,2 Products,"Ei ASSET, Ei CARES"
1837151,Shri Rama Bharti Public School - Sainik Nagar,Bahadurgarh,2 Products,"Ei ASSET, Ei CARES"
3495131,Silver Oaks High School,Visakhapatnam,2 Products,"Ei ASSET, Ei Mindspark"
5018164,Silver Oaks International School Kommadi,Visakhapatnam,2 Products,"Ei ASSET, Ei Mindspark"
3999496,Sky World School,Panchkula,2 Products,"Ei ASSET,Ei CARES"
865626,South Point School,Kolkata,2 Products,"Ei ASSET, Ei Mindspark"
19282,Sri Kumaran Children^s Home,Bengaluru,2 Products,"Ei ASSET,Ei Mindspark"
258293,Sri Sankara Senior Secondary School,Chennai,2 Products,"Ei ASSET, Ei CARES"
399475,"St. Francis De Sales Hr. Secondary School, Narengi",Guwahati,2 Products,"Ei CARES, Ei Mindspark"
159527,"St. Mary's School (ICSE), Mazagaon",Mumbai,2 Products,"Ei CARES, Ei Mindspark"
628551,St. Michael^s School For Girls,Siliguri,2 Products,"Ei ASSET, Ei Mindspark"
3998876,St.Michael^s Academy,Chennai,2 Products,"Ei CARES, Ei CARES,Ei Mindspark"
5053374,Sunflower Vedic School,Hyderabad,2 Products,"Ei CARES, Ei CARES,Ei Mindspark"
5018453,Swami Matriculation Higher Secondary School,Ariyalur,2 Products,"Ei CARES,Ei Mindspark"
2388998,The Cathedral & John Connon School - Junior Section,Mumbai,2 Products,"Ei ASSET, Ei Mindspark"
1324480,The Century School,Karnal,2 Products,"Ei ASSET,Ei Mindspark"
20238,The Daly College,Indore,2 Products,"Ei ASSET, Ei Mindspark"
359413,The Galaxy School - Wadi,Rajkot,2 Products,"Ei ASSET, Ei Mindspark"
5018473,The Heritage School Rampurhat,Rampurhat,2 Products,"Ei CARES, Ei Mindspark"
3883519,The Infinity School,Greater Noida,2 Products,"Ei ASSET, Ei CARES"
5017529,The Learning Sanctuary,Tura,2 Products,"Ei CARES,Ei Mindspark"
3799725,"The Millennium School, Noida Extension",Greater Noida,2 Products,"Ei ASSET,Ei CARES"
4082390,The Oriental School,Bhopal,2 Products,"Ei ASSET,Ei CARES"
3270957,"The Pentecostal Assembly School, Bokaro",Bokaro,2 Products,"Ei ASSET, Ei CARES"
5014778,The Premia Academy,Hyderabad,2 Products,"Ei ASSET, Ei CARES"
205449,The Riverside School,Ahmedabad,2 Products,"Ei ASSET,Ei Mindspark"
1551815,The Shishukunj International School,Indore,2 Products,"Ei ASSET, Ei CARES"
4105283,"The Shishukunj International School, North Campus",Indore,2 Products,"Ei ASSET, Ei CARES"
3505875,"The Shri Ram School, Junior Aravali",Gurugram,2 Products,"Ei ASSET, Ei Mindspark"
559045,"The Shri Ram School, Moulsari",Gurugram,2 Products,"Ei ASSET, Ei Mindspark"
364480,"The Shri Ram School, Senior Aravali",Gurugram,2 Products,"Ei ASSET, Ei Mindspark"
226552,"The Shri Ram School, Vasant Vihar",New Delhi,2 Products,"Ei ASSET, Ei Mindspark"
3513471,The Shri Ram Universal School,Hyderabad,2 Products,"Ei ASSET, Ei CARES"
3316968,The Sobha Academy,Palakkad District,2 Products,"Ei ASSET,Ei CARES"
376207,V V S Gandhi Centenary English Primary School (Dhruvadhama Campus),Bengaluru,2 Products,"Ei ASSET, Ei Mindspark"
3139,Vasant Valley School,New Delhi,2 Products,"Ei ASSET, Ei Mindspark"
5018578,Vidhya Vishwalaya,Coimbatore,2 Products,"Ei ASSET,Ei CARES, Ei CARES"
1163014,Vidya Devi Jindal School,Hisar,2 Products,"Ei ASSET, Ei Mindspark"
2389545,Vidya Mandir Estancia,Chennai,2 Products,"Ei ASSET, Ei ASSET,Ei Mindspark"
522044,Vidya Valley School,Pune,2 Products,"Ei CARES, Ei Mindspark"
1797713,Virudhunagar T S M Manickamnadar Janakiamamal Higher Secondary School,Madurai,2 Products,"Ei CARES,Ei Mindspark, Ei Mindspark"
202033,Vivekananda Educational Centre,Bengaluru,2 Products,"Ei ASSET, Ei Mindspark"
579462,Wisdom High International School (GOC),Nashik,2 Products,"Ei ASSET, Ei Mindspark"
3475635,Wisdom High International School (SMC),Nashik,2 Products,"Ei ASSET, Ei Mindspark"
2470921,Zydus School for Excellence - Godhavi,Ahmedabad,2 Products,"Ei ASSET,Ei Mindspark"
5018513,AID-NOIDA- (Teachers),Noida,All Products,"Ei ASSET,Ei CARES,Ei Mindspark"
5015734,Amrutvahinis NIDO International School,Sangamner,All Products,"Ei ASSET,Ei CARES,Ei Mindspark"
2472480,Apple Global School,Ahmedabad,All Products,"Ei ASSET,Ei CARES,Ei Mindspark"
343881,"Bhavan Vidyalaya, Panchkula",Panchkula,All Products,"Ei ASSET, Ei CARES, Ei Mindspark"
384445,Campion School,Mumbai,All Products,"Ei ASSET, Ei CARES, Ei Mindspark"
4156856,D L F Public School-IGCSE,Ghaziabad,All Products,"Ei ASSET, Ei CARES, Ei Mindspark"
395483,DLF Public School,Ghaziabad,All Products,"Ei ASSET, Ei CARES, Ei Mindspark"
3362563,Darbari Lal Foundation World School,Greater Noida,All Products,"Ei ASSET, Ei CARES, Ei Mindspark"
5018044,Edu Girls,Bethesda,All Products,"Ei ASSET,Ei CARES,Ei Mindspark"
5077577,Edu Girls KREIS,Bethesda,All Products,"Ei ASSET,Ei CARES,Ei Mindspark"
598546,Fernwood School,Kohima,All Products,"Ei ASSET, Ei CARES, Ei Mindspark"
5063250,Fun Learn Day Boarding School,Kolkata,All Products,"Ei ASSET, Ei ASSET,Ei CARES,Ei Mindspark"
5064415,Fun Learn Day Boarding School ( Edu Girls),Kolkata,All Products,"Ei ASSET,Ei CARES,Ei Mindspark, Ei CARES"
4930,GEAR Innovative International School,Bengaluru,All Products,"Ei ASSET,Ei CARES,Ei Mindspark, Ei CARES, Ei Mindspark"
5018143,Girls Primary School MJM,Hyderabad,All Products,"Ei ASSET,Ei CARES,Ei Mindspark"
3992941,Holy Writ High School & Junior College,Mumbai,All Products,"Ei ASSET, Ei CARES, Ei Mindspark"
3591328,IEM Public School,Kolkata,All Products,"Ei ASSET, Ei CARES, Ei Mindspark"
5018144,IEM Public School Ashram Building,Kolkata,All Products,"Ei ASSET, Ei CARES, Ei Mindspark"
5017812,"IEM Public School, Newtown Kolkata",Kolkata,All Products,"Ei ASSET, Ei CARES, Ei Mindspark"
5070312,"Kittu Rani Chennamma Residential School(Sc),Channaraypatna",Bangalore,All Products,"Ei ASSET,Ei CARES,Ei Mindspark"
5070482,"Kittu Rani Chennamma Residential School(Sc),Thyamagundalu",Bangalore,All Products,"Ei ASSET,Ei CARES,Ei Mindspark"
3594140,Meru International School,Hyderabad,All Products,"Ei ASSET, Ei CARES, Ei Mindspark"
3769775,Pakshalika High,Sibsagar,All Products,"Ei ASSET,Ei CARES,Ei Mindspark, Ei Mindspark"
3886389,Prakriti School - Sec-128,Noida,All Products,"Ei ASSET, Ei CARES, Ei Mindspark"
2470596,R J Mantra English School,Virudhunagar,All Products,"Ei ASSET,Ei CARES,Ei Mindspark, Ei Mindspark"
2497679,Rabindra Vidya Niketan,Keonjhar,All Products,"Ei ASSET,Ei CARES,Ei Mindspark"
1271232,Rishikul Vidyapeeth School,Sonepat,All Products,"Ei ASSET,Ei CARES,Ei Mindspark"
5058694,S N Kansagra School - Full Day,Rajkot,All Products,"Ei ASSET, Ei CARES, Ei Mindspark"
5004172,SRGVVK Trust School,Bangalore,All Products,"Ei ASSET, Ei CARES, Ei Mindspark"
3294066,Saandeepani Academy For Excellence,Bengaluru,All Products,"Ei ASSET,Ei CARES,Ei Mindspark"
153271,Seth M. R. Jaipuria School,Lucknow,All Products,"Ei ASSET,Ei CARES,Ei Mindspark, Ei Mindspark"
5184,Sishu Griha Montessori And High School,Bengaluru,All Products,"Ei ASSET,Ei CARES,Ei Mindspark, Ei ASSET,Ei Mindspark"
20191,Sishya School,Hosur,All Products,"Ei ASSET,Ei CARES,Ei Mindspark"
5029152,Sishya School Hosur,Hosur,All Products,"Ei ASSET,Ei CARES,Ei Mindspark"
3147476,Sri Kumaran Children's Academy,Bengaluru,All Products,"Ei ASSET, Ei CARES, Ei Mindspark"
18922,Sri Kumaran Children's Home - CBSE,Bengaluru,All Products,"Ei ASSET,Ei CARES,Ei Mindspark"
370457,Sri Kumaran Public School -ICSE,Bengaluru,All Products,"Ei ASSET, Ei CARES, Ei Mindspark"
2528645,St Kabir Indian International School,Vadodara,All Products,"Ei ASSET,Ei CARES,Ei Mindspark"
3425691,St. Kabir School,Vadodara,All Products,"Ei ASSET,Ei CARES,Ei Mindspark"
1021816,The Doon Girls^ School,Dehradun,All Products,"Ei ASSET, Ei ASSET,Ei CARES, Ei CARES, Ei Mindspark"
3284326,The Kirk View School,Gaya,All Products,"Ei ASSET, Ei CARES, Ei Mindspark"
3328193,The Ramakrishna Vivekananad Vidya Mandir,Deoghar,All Products,"Ei CARES,Ei Mindspark"
175250,The TVS School,Madurai,All Products,"Ei ASSET,Ei CARES,Ei Mindspark"
5002504,"Vimukti Girls School, Jaipur",Jaipur,All Products,"Ei ASSET,Ei CARES,Ei Mindspark"
5014602,Vimukti Sanstha ,"Firozabad, Jaipur",All Products,"Ei ASSET,Ei CARES,Ei Mindspark, Ei CARES"
168210,Vivekananda Mission School,Kolkata,All Products,"Ei ASSET, Ei CARES, Ei Mindspark"
2133172,Adani Vidya Mandir,Ahmedabad,No specified products,Ei Teacher Training
5016141,A M Naik School,Mumbai,Only ASSET,Ei ASSET
623030,A. K. Ghosh Memorial School,Kolkata,Only ASSET,Ei ASSET
5018122,Aarth Universal School,Surat,Only ASSET,Ei ASSET
5004123,Adani International School,Ahmedabad,Only ASSET,Ei ASSET
2285293,Anand Niketan International,Ahmedabad,Only ASSET,Ei ASSET
365439,Anand Niketan Satellite,Ahmedabad,Only ASSET,Ei ASSET
370,Arya Vidya Mandir Bandra West,Mumbai,Only ASSET,Ei ASSET
207682,Asian Christian High School,Hosur,Only ASSET,Ei ASSET
2844474,BVM Global @ Bengaluru,Bengaluru,Only ASSET,Ei ASSET
2496983,BVM Global @ Coimbatore,Coimbatore,Only ASSET,Ei ASSET
2476940,BVM Global @ Perungudi,Chennai,Only ASSET,Ei ASSET
2618631,BVM Global @ Trichy,Tiruchirappalli,Only ASSET,Ei ASSET
2472169,BVM Global Bollineni Hillside Senior Secondary School,Chennai,Only ASSET,Ei ASSET
3472426,BVM International School,Chennai,Only ASSET,Ei ASSET
2408882,"Bal Bharti School, Bahadurgarh",Jhajjar,Only ASSET,Ei ASSET
3033,Bluebells School International,Delhi,Only ASSET,Ei ASSET
3712077,Bombay International School Association,Mumbai,Only ASSET,Ei ASSET
5052054,CNMS,Mumbai,Only ASSET,Ei ASSET
551567,"Cambridge School, Greater Noida",Noida,Only ASSET,Ei ASSET
395154,"Cambridge School, Indirapuram",Ghaziabad,Only ASSET,Ei ASSET
1002463,"Cambridge School, New Friends Colony",Delhi,Only ASSET,Ei ASSET
549920,Cambridge School_Noida,Noida,Only ASSET,Ei ASSET
82810,Cambridge School_Srinivaspuri,New Delhi,Only ASSET,Ei ASSET
207818,Chettinad Vidya Mandir,Karur,Only ASSET,Ei ASSET
3833865,Christel House India - Atal Nagar,Raipur,Only ASSET,Ei ASSET
218537,Delhi Public School,Nagpur,Only ASSET,Ei ASSET
2672,Delhi Public School,Jodhpur,Only ASSET,Ei ASSET
3757528,Delhi Public School - Gautam Buddh Nagar,Noida,Only ASSET,Ei ASSET
5017448,Delhi Public School Hinjawadi Pune,"Nagpur,",Only ASSET,Ei ASSET
519329,Delhi Public School Lava,Nagpur,Only ASSET,Ei ASSET
3991655,"Delhi Public School Nashik, Village Manori",Nagpur,Only ASSET,Ei ASSET
5018239,Delhi Public School Society,New Delhi,Only ASSET,Ei ASSET
3303311,Delhi Public School jagdalpur,Jagdalpur,Only ASSET,Ei ASSET
3303259,"Delhi Public School, Balco",Korba,Only ASSET,Ei ASSET
3254316,"Delhi Public School, Bulandshahr",Bulandshahr,Only ASSET,"Ei ASSET, Ei Teacher Training"
212432,"Delhi Public School, Dwarka",New Delhi,Only ASSET,"Ei ASSET, Ei Teacher Training"
234775,"Delhi Public School, Faridabad",Faridabad,Only ASSET,"Ei ASSET, Ei Teacher Training"
265162,"Delhi Public School, Greater Noida",Greater Noida,Only ASSET,"Ei ASSET, Ei Teacher Training"
5016187,"Delhi Public School, Knowledge Park -V",Greater Noida,Only ASSET,"Ei ASSET, Ei Teacher Training"
2449,"Delhi Public School, Mathura Road",New Delhi,Only ASSET,"Ei ASSET, Ei Teacher Training"
5018234,"Delhi Public School, Navi Mumbai",Navi Mumbai,Only ASSET,"Ei ASSET, Ei Teacher Training"
19028,"Delhi Public School, R.K. Puram",New Delhi,Only ASSET,"Ei ASSET, Ei Teacher Training"
5014895,"Delhi Public School, Rohini",Delhi,Only ASSET,"Ei ASSET, Ei Teacher Training"
214620,"Delhi Public School, Ruby Park",Kolkata,Only ASSET,Ei ASSET
5017383,"Delhi Public School, Sec 122",Noida,Only ASSET,"Ei ASSET, Ei Teacher Training"
5018233,"Delhi Public School, Sector-30, Noida",Noida,Only ASSET,"Ei ASSET, Ei Teacher Training"
353776,"Delhi Public School, Vasant Kunj",Delhi,Only ASSET,"Ei ASSET, Ei Teacher Training"
3472699,Dikshant Global School,Zirakpur,Only ASSET,Ei ASSET
541153,Dikshant International School,Zirakpur,Only ASSET,Ei ASSET
619657,Dr. Kalmadi Shamarao High School (Baner),Pune,Only ASSET,Ei ASSET
530653,Dr. Kalmadi Shamarao High School (Secondary Section),Pune,Only ASSET,Ei ASSET
5070551,"Dr.B.R.Ambedkar Girl'S Residential School(Sc),Madhure",Bangalore,Only ASSET,Ei ASSET
5000918,"Elpro International School, Chinchwad",Pune,Only ASSET,Ei ASSET
5099788,"Elpro International School, Hinjewadi",Pune,Only ASSET,Ei ASSET
3455532,Empyrean School,Navi Mumbai,Only ASSET,Ei ASSET
516721,Fravashi International Academy,Nashik,Only ASSET,Ei ASSET
1873384,G G International School,Pune,Only ASSET,Ei ASSET
5002619,G.D.Goenka Public School Dakshineswar,Kolkata,Only ASSET,Ei ASSET
5015890,"GG International School, Bavdhan",Pune,Only ASSET,Ei ASSET
5042891,"GG International School, Tathawade",Pimpri Chinchwad,Only ASSET,Ei ASSET
5018142,Girls Primary School Teachers MJM,Hyderabad,Only ASSET,Ei ASSET
348782,Glendale Academy International,Hyderabad,Only ASSET,Ei ASSET
2516584,Global Edge School,Hyderabad,Only ASSET,Ei ASSET
2509933,Global Indian International School,Noida,Only ASSET,Ei ASSET
3031830,Global Indian International School,Bengaluru,Only ASSET,Ei ASSET
3149549,Global Indian International School,Ahmedabad,Only ASSET,Ei ASSET
5017050,Global Indian International School,Nagpur,Only ASSET,Ei ASSET
3588889,Global Indian International School Balewadi,Pune,Only ASSET,Ei ASSET
4062318,"Global Indian International School, Bannerghatta",Bangalore,Only ASSET,Ei ASSET
3889453,"Global Indian International School, Hadapsar",Pune,Only ASSET,Ei ASSET
3283922,Gyanshree School,Noida,Only ASSET,Ei ASSET
3826566,Innovative International School,Rajkot,Only ASSET,Ei ASSET
185882,J S S Public School,Bengaluru,Only ASSET,Ei ASSET
1424516,"JSS Public School, HSR Layout",Bengaluru,Only ASSET,Ei ASSET
2952557,Jamnabai Narsee International School,Mumbai,Only ASSET,Ei ASSET
2053321,Kaanger Valley Academy,Raipur,Only ASSET,Ei ASSET
1822220,Kasiga School,Dehradun,Only ASSET,Ei ASSET
3390964,Kaveri International School,Pune,Only ASSET,Ei ASSET
3567542,Keystone International School,Hyderabad,Only ASSET,Ei ASSET
5070237,"Kittu Rani Chennamma Residential School(U)(Sc),Telagarahalli",Bangalore,Only ASSET,Ei ASSET
249296,Kokilaben Dhirubhai Ambani Reliance Foundation School,Jamnagar,Only ASSET,Ei ASSET
3269893,Kunskapsskolan,Gurugram,Only ASSET,Ei ASSET
3871414,Kunskapsskolan,Bangalore,Only ASSET,Ei ASSET
3459074,LPS Global School,Noida,Only ASSET,Ei ASSET
2451376,Lakshmi Matriculation Higher Secondary School,Madurai,Only ASSET,Ei ASSET
608032,Little^s Pre Primary & Primary School,Margao,Only ASSET,Ei ASSET
3589593,Lokmanya Tilak International School,Navi Mumbai,Only ASSET,Ei ASSET
214868,"Loreto Convent, Shillong",Shillong,Only ASSET,Ei ASSET
5042511,Lotus Petal Sr. Sec. School,"Sec 31, Tehsil Sohna, Gurgaon,",Only ASSET,Ei ASSET
5046169,MEGA International School,Bengaluru,Only ASSET,Ei ASSET
5016188,MSB Educational Institute,Rajkot,Only ASSET,Ei ASSET
5017809,MSB Educational Institute Kota,Kota,Only ASSET,Ei ASSET
2473458,Mahatma Montessori School CBSE,Madurai,Only ASSET,Ei ASSET
3253126,"Manav Rachna International School - Charmwood, Faridabad",Faridabad,Only ASSET,Ei ASSET
236318,Mayo College,Ajmer,Only ASSET,Ei ASSET
3472778,"Mind Tree School, Ambala Cantt",Ambala,Only ASSET,Ei ASSET
1026343,"Mind Tree School, Ambala City",Ambala,Only ASSET,Ei ASSET
3402446,"Mind Tree School, Kharar",Kharar,Only ASSET,Ei ASSET
3878188,"Mind Tree School, Naraingarh",Naraingarh,Only ASSET,Ei ASSET
3754524,"Mukesh R Patel CBSE School, Shirpur",Shirpur,Only ASSET,Ei ASSET
615868,N.E.T. Public School,Bengaluru,Only ASSET,Ei ASSET
2456473,N.E.T. Public School - ICSE,Bengaluru,Only ASSET,Ei ASSET
500529,Navy Children School,Vasco,Only ASSET,Ei ASSET
19872,"Padma Seshadri Bala Bhavan Senior Secondary School, K.K.Nagar",Chennai,Only ASSET,Ei ASSET
19966,"Padma Seshadri Bala Bhavan Senior Secondary School, Nungambakkam",Chennai,Only ASSET,Ei ASSET
2548143,"Padma Seshadri Bala Bhavan Senior Secondary School, Siruseri",Chennai,Only ASSET,Ei ASSET
6019,"Padma Seshadri Bala Bhavan Senior Secondary School, T. Nagar",Chennai,Only ASSET,Ei ASSET
2503955,Parle Tilak Vidyalaya (ICSE),Mumbai,Only ASSET,Ei ASSET
5015850,Parle Tilak Vidyalaya (ICSE),Mumbai,Only ASSET,Ei ASSET
3285152,Paul George Global School,Delhi,Only ASSET,Ei ASSET
2546862,Pearson School Kompally,Hyderabad,Only ASSET,Ei ASSET
3707644,Poola School,Bengaluru,Only ASSET,Ei ASSET
5045366,"Presidency School, Banashankari",Bangalore,Only ASSET,Ei ASSET
2379583,"Presidency School, Bangalore East",Bengaluru,Only ASSET,Ei ASSET
3153272,"Presidency School, Bangalore North",Bengaluru,Only ASSET,Ei ASSET
559960,"Presidency School, Bangalore South",Bengaluru,Only ASSET,Ei ASSET
203718,"Presidency School, Mangalore",Mangalore,Only ASSET,Ei ASSET
185694,"Presidency School, Nandini Layout",Bangalore,Only ASSET,Ei ASSET
172149,"Presidency School, R.T. Nagar",Bengaluru,Only ASSET,Ei ASSET
5017865,Priyadarshani Pune Police Public School,Pune,Only ASSET,Ei ASSET
5015855,"Priyadarshani School & Jr College, Priyadarshani School & Jr College, Indrayaninagar",Pune,Only ASSET,Ei ASSET
4052744,Priyadarshani School and Junior college Moshi,Pune,Only ASSET,Ei ASSET
5015866,"Priyadarshani School, Bhosari",Pune,Only ASSET,Ei ASSET
3582467,Rawdat Al-Quran Al-Kareem,Mumbai,Only ASSET,Ei ASSET
3188843,Redbricks School,Ahmedabad,Only ASSET,Ei ASSET
416343,"Reliance Foundation School, Lodhivali",Raigad,Only ASSET,Ei ASSET
3996253,Ridge School,Kurnool,Only ASSET,Ei ASSET
5002735,"SES Gurukul, Pune",Pune,Only ASSET,Ei ASSET
5018197,SNS Faridabad,Faridabad,Only ASSET,Ei ASSET
5018195,SNS Gurugram,Gurugram,Only ASSET,Ei ASSET
5018196,SNS Noida,Noida,Only ASSET,Ei ASSET
5069315,"SVKM School, Dhule",Dhule,Only ASSET,Ei ASSET
416793,Sanskriti The Gurukul,Guwahati,Only ASSET,Ei ASSET
3784799,Santhanam Vidhyalaya,Tiruchirappalli,Only ASSET,Ei ASSET
620889,Sat Paul Mittal School,Ludhiana,Only ASSET,Ei ASSET
3996943,Satyanarayan Academy,Bankura,Only ASSET,Ei ASSET
529319,Saupin^s School,Chandigarh,Only ASSET,Ei ASSET
581062,Saupin^s School,Mohali,Only ASSET,Ei ASSET
507090,Seth Anandram Jaipuria School,Ghaziabad,Only ASSET,Ei ASSET
5016190,"Seth Anandram Jaipuria School, Greater Noida",Greater Noida,Only ASSET,Ei ASSET
5016674,Shiv Nadar School,Gurugram,Only ASSET,Ei ASSET
5018151,Shiv Nadar School,Faridabad,Only ASSET,Ei ASSET
2565214,Shiv Nadar School (CBSE),Gurugram,Only ASSET,Ei ASSET
5018150,Shiv Nadar School (IB),Faridabad,Only ASSET,Ei ASSET
5018152,Shiv Nadar School (IB),Gurugram,Only ASSET,Ei ASSET
5018148,"Shiv Nadar School, Noida",Noida,Only ASSET,Ei ASSET
2560999,"Shiv Nadar School, Noida (CBSE)",Noida,Only ASSET,Ei ASSET
5018147,"Shiv Nadar School, Noida (IB)",Noida,Only ASSET,Ei ASSET
5018153,Shiv Nadar Trust,Noida,Only ASSET,Ei ASSET
10423,Shri Shikshayatan School,Kolkata,Only ASSET,Ei ASSET
525210,Silver Oaks High School,Hyderabad,Only ASSET,Ei ASSET
5016606,"Silver Oaks International School, Ameenpur",Hyderabad,Only ASSET,Ei ASSET
5018377,"Silver Oaks School, Bowrampet",Hyderabad,Only ASSET,Ei ASSET
3187497,Sir Mutha School,Chennai,Only ASSET,Ei ASSET
188264,Sir Sivaswami Kalalaya Senior Secondary School,Chennai,Only ASSET,Ei ASSET
3144641,Smart Modern School,Tirupur,Only ASSET,Ei ASSET
7268,"Smt. Ramdevi Sobhraj Bajaj Arya Vidya Mandir, Mumbai",Mumbai,Only ASSET,Ei ASSET
3915751,Springfields international school,Hyderabad,Only ASSET,Ei ASSET
3998030,Sri Sarvajna Public School,Bengaluru,Only ASSET,Ei ASSET
2382287,Sri Venkateshwar International School,New Delhi,Only ASSET,Ei ASSET
5018241,St Christopher Mission School,Asansol,Only ASSET,Ei ASSET
158773,St Joseph^s Boys High School,Bengaluru,Only ASSET,Ei ASSET
5097252,St. Agnes Loreto Day School,Lucknow,Only ASSET,Ei ASSET
47745,St. George^s School,New Delhi,Only ASSET,Ei ASSET
177663,St. James^ School,Kolkata,Only ASSET,Ei ASSET
2501573,Step By Step School,Noida,Only ASSET,Ei ASSET
2565760,Suchitra Academy,Hyderabad,Only ASSET,Ei ASSET
5018349,T B Desai Family Public Charitable Trust,Mumbai,Only ASSET,Ei ASSET
28275,The Doon School,Dehradun,Only ASSET,Ei ASSET
24299,The East - West School,Bengaluru,Only ASSET,Ei ASSET
1131322,The Global Edge School,Hyderabad,Only ASSET,Ei ASSET
3513547,"The Global Edge School, Kokapet",Hyderabad,Only ASSET,Ei ASSET
3848229,"The Global Edge School, Vasanth Nagar",Hyderabad,Only ASSET,Ei ASSET
5018396,"The Green Acres Academy, Kalyan",Kalyan,Only ASSET,Ei ASSET
3838227,The Green Acres Academy- Mulund,Mumbai,Only ASSET,Ei ASSET
2755127,The Green Acres Academy-Chembur,Mumbai,Only ASSET,Ei ASSET
3292556,The HDFC School,Gurugram,Only ASSET,Ei ASSET
5004125,"The HDFC School, Bengaluru",Bengaluru,Only ASSET,Ei ASSET
3520543,"The HDFC School, Pune",Pune,Only ASSET,Ei ASSET
60573,"The Heritage School, Rohini",New Delhi,Only ASSET,Ei ASSET
3284749,The Kalyani School,Pune,Only ASSET,Ei ASSET
547865,The Lawrence School,Sanawar,Only ASSET,Ei ASSET
3283255,The Radiant International School,Surat,Only ASSET,Ei ASSET
5074421,The Vega School,Gurugram,Only ASSET,Ei ASSET
3944825,The Westwood School,Rajkot,Only ASSET,Ei ASSET
3302960,Tula's International School,Dehradun,Only ASSET,Ei ASSET
7061,Vasudev C Wadhwa Arya Vidya Mandir School,Mumbai,Only ASSET,Ei ASSET
3639531,"Vega School, Sector 48, Gurugram",Gurugram,Only ASSET,Ei ASSET
5017204,"Vega Schools Sector 76, Gurugram",Gurugram,Only ASSET,Ei ASSET
174867,Vidya Mandir Senior Secondary School,Chennai,Only ASSET,Ei ASSET
3999846,Vidya Peetam,Vellore,Only ASSET,Ei ASSET
2562273,Vidyagyan School,Sitapur,Only ASSET,Ei ASSET
2409420,"Vidyagyan School, Sikandrabad",Sikandrabad,Only ASSET,Ei ASSET
5108368,Vikaasa Heritage School,Madurai,Only ASSET,Ei ASSET
5108173,Vikaasa Jubilee School,Madurai,Only ASSET,Ei ASSET
5108240,Vikaasa Progressive school,Madurai,Only ASSET,Ei ASSET
5108463,Vikaasa Public school,Madurai,Only ASSET,Ei ASSET
5018344,Vimukti-DDGIC (Teacher's),Jaipur,Only ASSET,Ei ASSET
1011788,Vivekanand School,Delhi,Only ASSET,Ei ASSET
4000118,"Witty International School, Bhilwara",Bhilwara,Only ASSET,Ei ASSET
4000126,"Witty International School, Borivali (W)",Mumbai,Only ASSET,Ei ASSET
434619,"Witty International School, Malad (W)",Mumbai,Only ASSET,Ei ASSET
4000123,"Witty International School, Udaipur",Udaipur,Only ASSET,Ei ASSET
351831,Yuvabharathi Public School,Coimbatore,Only ASSET,Ei ASSET
3989841,Aditya Birla Public School- Rayagada,Rayagada,Only CARES,Ei CARES
207093,Advanced Academy,Indore,Only CARES,Ei CARES
3777013,"Allegiance Academy, Kukshi",Dhar,Only CARES,Ei CARES
3791464,"Amneev Vision School , Etawah",Etawah,Only CARES,Ei CARES
63421,Amrit Vidyalaya,Kalol,Only CARES,Ei CARES
1933,"Anand Niketan, Shilaj",Ahmedabad,Only CARES,Ei CARES
28486,Anand Vidya Vihar,Vadodara,Only CARES,Ei CARES
5018337,Anthony Claret School,Bangalore,Only CARES,Ei CARES
3150210,Army Public School,Hyderabad,Only CARES,Ei CARES
5016913,Aryavart Ancient Academy - Khurda,Khorda,Only CARES,Ei CARES
2291851,"Asia English School, Secondary - Higher Secondary Section",Ahmedabad,Only CARES,Ei CARES
3395953,BLM Sr. Secondary School,Haldwani,Only CARES,Ei CARES
2557342,Banyan Tree School,Jaipur,Only CARES,Ei CARES
3464699,Billabong High International School (CBSE),Rewa,Only CARES,Ei CARES
3078372,Blossom public school,Thanjavur,Only CARES,Ei CARES
3990957,Brookfield High School,Bengaluru,Only CARES,Ei CARES
2458794,"Cambridge International School, Kullu",Kullu,Only CARES,Ei CARES
4064726,"Cambridge International School, Palampur",Palampur,Only CARES,Ei CARES
252071,"Cambridge School, K R Puram",Bengaluru,Only CARES,Ei CARES
398948,Dalmia Public School,Veraval,Only CARES,Ei CARES
2400949,"Dayawati Modi Academy , Pallavpuram Meerut",Meerut,Only CARES,Ei CARES
3306257,Delhi Public School,Chhindwara,Only CARES,Ei CARES
2378636,"Delhi Public School, N T P C, Farakka",Nabarun,Only CARES,Ei CARES
4165785,Don Bosco School Kalyani,Kalyani,Only CARES,Ei CARES
1035545,Doon Valley Public School,Nalagarh,Only CARES,Ei CARES
3242514,Erudite Academy,Diphu,Only CARES,Ei CARES
5032729,Fathima Central Senior Secondary School,Chennai,Only CARES,Ei CARES
3400783,G Rio School,Kohima,Only CARES,Ei CARES
5017199,GD Goenka Public School,Ranchi,Only CARES,Ei CARES
3478771,GEMS Public School - Patiala,Patiala,Only CARES,Ei CARES
5018537,GRD International School,Rudrapur,Only CARES,Ei CARES
3507484,Global Concept School,Karhi,Only CARES,Ei CARES
5018487,Green Valley English High School,Bengaluru,Only CARES,Ei CARES
2530317,Green Valley English School,Bengaluru,Only CARES,Ei CARES
4050265,Green Valley International School,Morvi,Only CARES,Ei CARES
3992655,Gurukula International School,Arsikere,Only CARES,Ei CARES
3992708,Gyanjyoti Kanchanben Rasiklal Vidyalaya,"Khariar Road,Dist Nuapada",Only CARES,Ei CARES
2009619,Happy Days School,Shivpuri,Only CARES,Ei CARES
1722766,Harvest Public School,Khammam,Only CARES,Ei CARES
5068265,Harvest Spring Leaf School,Khammam,Only CARES,Ei CARES
5016248,Him Academy Public School - Hira Nagar,Hamirpur,Only CARES,Ei CARES
3992830,"Him Academy Public School, Vikas Nagar",Salasi,Only CARES,Ei CARES
5002738,Himali Boarding School,Kurseong,Only CARES,Ei CARES
3992841,Hind Zinc Vidyalaya,Sundargarh,Only CARES,Ei CARES
999141,Holy Angels School,Ghaziabad,Only CARES,Ei CARES
5018445,"Holy Angels School, Holy Angels' School",Ghaziabad,Only CARES,Ei CARES
5040879,Holy Mary Academy,Barh,Only CARES,Ei CARES
3514450,I D M Public School,Balangir,Only CARES,Ei CARES
1338674,Inspiration Sr Sec School,Kathgodam,Only CARES,Ei CARES
96888,J.B. Petit High School,Mumbai,Only CARES,Ei CARES
3638758,Jain Public School,Chennai,Only CARES,Ei CARES
5018545,Jss Shri Manjunatheshwara Central School (Cbse),Hubli,Only CARES,Ei CARES
950643,Kalka Public School,Delhi,Only CARES,Ei CARES
2509576,Kaushalya World School,Greater Noida,Only CARES,Ei CARES
1155119,Kerala Public School_ Burmamines,Jamshedpur,Only CARES,Ei CARES
5018435,Khannur Vidyaniketan School,Ranebennur,Only CARES,Ei CARES
5015638,KnowledgeGram International School,Patna,Only CARES,Ei CARES
5057744,Kothakota Pupils High School,Mandal Wanaparthy District,Only CARES,Ei CARES
5057852,Kothakota Pupils High School,Mandal Wanaparthy District,Only CARES,Ei CARES
5054276,Kothakota Pupils High School Shadnagar,Kothakota,Only CARES,Ei CARES
641697,LT. Atul Katarya Memorial School,Gurgaon,Only CARES,Ei CARES
1173541,"La Montessori School, Dhalpur",Kullu,Only CARES,Ei CARES
3857260,"La Montessori School, Dunkhra",Kullu,Only CARES,Ei CARES
2508568,"La Montessori School, Kelheli",Kullu,Only CARES,Ei CARES
3857130,"La Montessori School, Ner Chowk",Bhangrotu,Only CARES,Ei CARES
2171347,Learning Paths School,Mohali,Only CARES,Ei CARES
393696,Little Flower Higher Secondary School,Dibrugarh,Only CARES,Ei CARES
1110834,Mother's International Academy,Patna,Only CARES,Ei CARES
4007320,"Motilal Talera English Medium School, Pune",Pune,Only CARES,Ei CARES
3182761,"Mount Index International School, Indore",Indore,Only CARES,Ei CARES
2057359,N. H. Goel World School,Raipur,Only CARES,Ei CARES
5018417,"NLK Academy, Bhawanipur, Mandhana",Kanpur,Only CARES,Ei CARES
209833,Nalanda International School,Vadodara,Only CARES,Ei CARES
437634,Nand Vidya Niketan,Jamnagar,Only CARES,Ei CARES
3302667,Navrachana International School,Vadodara,Only CARES,Ei CARES
128171,"Navrachana School, Sama",Vadodara,Only CARES,Ei CARES
41269,Navrachana Vidyani Vidyalaya,Vadodara,Only CARES,Ei CARES
22983,New Era Senior Secondary School,Vadodara,Only CARES,Ei CARES
1155556,Nml Kerala Public School,Jamshedpur,Only CARES,Ei CARES
5017017,ODM Global School,Bhubaneswar,Only CARES,Ei CARES
1553466,ODM Sapphire Global School,Ranchi,Only CARES,Ei CARES
621568,Our Lady Of The Snows High School,Kullu,Only CARES,Ei CARES
104830,P.S. Senior Secondary School,Chennai,Only CARES,Ei CARES
3634161,PICT Model School,Pune,Only CARES,Ei CARES
1650530,"Paramount Academy, Kasrawad",Khargaon,Only CARES,Ei CARES
3875940,Paramount School,Kalimpong,Only CARES,Ei CARES
5023577,Paras English Medium and Kishor Excellency school,Bardoli,Only CARES,Ei CARES
1482482,Pathania Public School,Rohtak,Only CARES,Ei CARES
401650,Pramila Memorial Advanced School,Kolkata,Only CARES,Ei CARES
2758617,Pratibha International School,Pune,Only CARES,Ei CARES
4001826,Prem Prakash International School,Bagod,Only CARES,Ei CARES
2457713,Prudence International School,Tumkur,Only CARES,Ei CARES
20480,Queens College,Indore,Only CARES,Ei CARES
3328278,Ramakrishna Mission Vidyapith,Deoghar,Only CARES,Ei CARES
4030028,Richmondd Convent School,Pathankot,Only CARES,Ei CARES
3515636,Rungta Public School,Bhilai,Only CARES,Ei CARES
3308610,"SANSKRUTI – An English Medium School, Ashoknagar",Ashoknagar,Only CARES,Ei CARES
5037382,SBS Model High School,Hoshiarpur,Only CARES,Ei CARES
5024546,SOWDAMBIKA MOUNT LITERA ZEE SCHOOL,Trichy,Only CARES,Ei CARES
2551930,Sage School,Hyderabad,Only CARES,Ei CARES
3752732,Sainik School,Mandsaur,Only CARES,Ei CARES
2448365,"Sandipani Academy, Mandleshwar",Mandleshwar,Only CARES,Ei CARES
2066385,Sanghamitra High School,Zaheerabad,Only CARES,Ei CARES
770229,Sanghamitra School,Hyderabad,Only CARES,Ei CARES
5049594,Santipur Public School,Santipur,Only CARES,Ei CARES
2037085,Satya Prakash Public School,Jabalpur,Only CARES,Ei CARES
3996980,Scholars Abode School,Patna,Only CARES,Ei CARES
3316343,Scholars Academy,Shujalpur,Only CARES,Ei CARES
3997080,Seven Star Senior Secondary Public School,Hamirpur,Only CARES,Ei CARES
5055085,"Shemford Futuristic School, Dhatrigram",Kalna,Only CARES,Ei CARES
5018655,Shivpuri Public School,Shivpuri,Only CARES,Ei CARES
3409378,Shraddha Children^s Academy,Chennai,Only CARES,Ei CARES
2450639,Shree Mumbadevi Vidya Mandir CISCE,Mumbai,Only CARES,Ei CARES
3997396,"Shri A.B. Patil English School, Sangli",Kolhapur,Only CARES,Ei CARES
1649456,Shri Kanwartara Senior Secondary School,Mandleshwar,Only CARES,Ei CARES
1114832,Spring Wood Senior Secondary School,Neemuch,Only CARES,Ei CARES
10251,Sri Aurobindo International School,Hyderabad,Only CARES,Ei CARES
5002617,"Sri Kumaran Children^s Academy, Bangalore",Bengaluru,Only CARES,Ei CARES
5002616,Sri Kumaran Children^s Home CBSE,Bengaluru,Only CARES,Ei CARES
5018392,Sri Ramakrushna Vidya Mandir,Koraput,Only CARES,Ei CARES
5018247,St Joseph's Convent School Katwa,Katwa,Only CARES,Ei CARES
5018211,"St Joseph's Convent School, Laghata",Labpur,Only CARES,Ei CARES
3765958,St Michaels School,Ranchi,Only CARES,Ei CARES
46864,St. Anthony^S School,Kurseong,Only CARES,Ei CARES
5045565,St. Anthony’s School (Girls),Kurseong,Only CARES,Ei CARES
414020,St. Joseph's Convent,Chandannagar,Only CARES,Ei CARES
42625,"St. Kabir Public School, Chandigarh",Chandigarh,Only CARES,Ei CARES
5055276,"St. Mary's Convent School, Mariam Nagar",Ghaziabad,Only CARES,Ei CARES
5038577,St. Mary's High School,Patna,Only CARES,Ei CARES
1016619,St. Paul'S School,Rourkela,Only CARES,Ei CARES
181976,St. Paul's Academy,Ghaziabad,Only CARES,Ei CARES
532393,St. Vivekanand Millennium School,Pinjore,Only CARES,Ei CARES
3216662,St. Xavier'S School,Kalimpong,Only CARES,Ei CARES
354838,St. Xavier's Higher Secondary School,Tura,Only CARES,Ei CARES
3218539,St. Xavier’s High School- Keonjhar,Keonjhar,Only CARES,Ei CARES
1429114,Subbiah Central School,Tirupur,Only CARES,Ei CARES
3552349,Sudharsanam Vidyaashram,Chennai,Only CARES,Ei CARES
1035646,Swadhyay Bhavan School,Mumbai,Only CARES,Ei CARES
5054739,Swami Janaki Das Vidyapith,Katwa,Only CARES,Ei CARES
3438724,Swarnim International School,Kolkata,Only CARES,Ei CARES
3386433,Takshashila International School,Kosamba,Only CARES,Ei CARES
3999184,Takshila,Bijni,Only CARES,Ei CARES
346484,Tashi Namgyal Academy,Gangtok,Only CARES,Ei CARES
463877,The Blossom Sunderbhai Thackersey English High School,Mumbai,Only CARES,Ei CARES
3999269,The Blue Bells English Medium School,Jharsuguda,Only CARES,Ei CARES
5017936,The Cathedral & John Connon School - Senior Section,Mumbai,Only CARES,Ei CARES
2614572,The Ivy Global School,Bhopal,Only CARES,Ei CARES
5018319,The Magnet Public School,Hamirpur,Only CARES,Ei CARES
5018174,The TVS School for CARES,Madurai,Only CARES,Ei CARES
3301477,The Tons Bridge,Dehradun,Only CARES,Ei CARES
3327620,The Vedansh International School,Indore,Only CARES,Ei CARES
8625,Tripada English School,Ahmedabad,Only CARES,Ei CARES
1324784,Tulsi Public School,Ambala,Only CARES,Ei CARES
28968,Uttam School For Girls,Ghaziabad,Only CARES,Ei CARES
3395252,Vedaant Multipurpose School,Valsad,Only CARES,Ei CARES
2104860,Vedavalli Vidyalaya,Ranipet,Only CARES,Ei CARES
1616619,Vedavalli Vidyalaya Senior Secondary School,Walajapet,Only CARES,Ei CARES
452934,Vimala Convent School,Bhawanipatna,Only CARES,Ei CARES
4000011,Viswabharathi Wisewoods (Em) High School,Vijaywada,Only CARES,Ei CARES
2827739,Vriksha Global School,Namakkal,Only CARES,Ei CARES
4091040,Vyasanagar Public School,Jajpur Road,Only CARES,Ei CARES
169040,Young Horizons School,Kolkata,Only CARES,Ei CARES
3495816,"Young Horizons School, Karaya Road",Kolkata,Only CARES,Ei CARES
5044593,Young Ladies High School,Mumbai,Only CARES,Ei CARES
343343,AMNS International School,Surat,Only Mindspark,Ei Mindspark
5040517,"ARMY PUBLIC SCHOOL, Dhrangadhra",Millitary Area,Only Mindspark,Ei Mindspark
1644219,ASPAM Scottish School,Noida,Only Mindspark,Ei Mindspark
5017780,Aalaya Academy Montessori & CBSE School,Tiruppur,Only Mindspark,Ei Mindspark
18460,Abhinav Bharati High School,Kolkata,Only Mindspark,Ei Mindspark
20577,Ahmedabad International School,Ahmedabad,Only Mindspark,Ei Mindspark
9582,Akshar,Kolkata,Only Mindspark,Ei Mindspark
34736,Akshara Matriculation Higher Secondary School,Madurai,Only Mindspark,Ei Mindspark
2984015,Anand Niketan School Bhadaj Campus,Ahmedabad,Only Mindspark,Ei Mindspark
241346,Army Public School,Ahmedabad,Only Mindspark,Ei Mindspark
5063726,"Army Public School, Jaisalmer",Jaisalmer,Only Mindspark,Ei Mindspark
3442227,Assam Heights Public School,"Makum Road, Tinsukia",Only Mindspark,Ei Mindspark
3152932,Aster Public School,Greater Noida,Only Mindspark,Ei Mindspark
4164567,Bellwether International School,Tanuku,Only Mindspark,Ei Mindspark
381519,Bhavan^s Gangabux Kanoria Vidyamandir,Kolkata,Only Mindspark,Ei Mindspark
504488,"Billabong High International School, Bhopal",Bhopal,Only Mindspark,Ei Mindspark
3583679,"Billabong High International School, Indore",Indore,Only Mindspark,Ei Mindspark
5017985,Birla Open Minds International School,Hyderabad,Only Mindspark,Ei Mindspark
856520,Birla Public School,Pilani,Only Mindspark,Ei Mindspark
3072629,Birla Vidya Niketan,New Delhi,Only Mindspark,Ei Mindspark
5018584,Bodoland Pioneer Public School,Kokrajhar,Only Mindspark,Ei Mindspark
3155338,"Broadway Public School, Barnala",Barnala,Only Mindspark,Ei Mindspark
2475745,Candor International School,Bengaluru,Only Mindspark,Ei Mindspark
5017808,Cedar Valley International School,Khammam,Only Mindspark,Ei Mindspark
617089,Chanda Public School,Chandrapur,Only Mindspark,Ei Mindspark
6662,Delhi Public School Nazira,Nazira,Only Mindspark,Ei Mindspark
4104626,"Delhi Public School, Rajpura",Rajpura,Only Mindspark,Ei Mindspark
4166956,Delhi World Public School,Barasat,Only Mindspark,Ei Mindspark
5017993,Dr.Homi Jehangir Bhabha English Medium School No.78 (HJB),Rajkot,Only Mindspark,Ei Mindspark
282495,Genius English Medium School,Rajkot,Only Mindspark,Ei Mindspark
3992442,Golden Era Millennium School,Malerkotla,Only Mindspark,Ei Mindspark
3992445,Golden Gates Vidhyashram,Trichy,Only Mindspark,Ei Mindspark
5044289,Goldengates global school,Ariyalur,Only Mindspark,Ei Mindspark
507154,Gurukul The School,Ghaziabad,Only Mindspark,Ei Mindspark
1881318,Gyan Jyoti Awasiya Vidyalaya,Ara,Only Mindspark,Ei Mindspark
3992812,Heritage Vidhyalaya,Salem,Only Mindspark,Ei Mindspark
5100324,Innovative International Day School,Rajkot,Only Mindspark,Ei Mindspark
411876,Inventure Academy,Bengaluru,Only Mindspark,Ei Mindspark
5017215,"Inventure Academy, Yeshwantpur Campus",Bengaluru,Only Mindspark,Ei Mindspark
24374,Jeevana school,Madurai,Only Mindspark,Ei Mindspark
3970895,Jindal world School,Sakti,Only Mindspark,Ei Mindspark
5035523,KMGIS School,Jamnagar,Only Mindspark,Ei Mindspark
5018430,KRS Krishnamal Ramasubbaiyer school,Madurai,Only Mindspark,Ei Mindspark
5017990,Kavi Shri Narmad English Medium School (KSN),Rajkot,Only Mindspark,Ei Mindspark
119874,M P Birla Foundation Higher Secondary School,Kolkata,Only Mindspark,Ei Mindspark
5016613,MERU International School (Cambridge),Hyderabad,Only Mindspark,Ei Mindspark
5017818,"MERU International School, Tellapur (Cambridge)",Hyderabad,Only Mindspark,Ei Mindspark
3347997,MRS Educational Trust (Redbridge International Academy),Bengaluru,Only Mindspark,Ei Mindspark
3492029,Mahatma Gandhi School,Rajkot,Only Mindspark,Ei Mindspark
5018471,Mahatma Global Gatway Cambridge International Education,Madurai,Only Mindspark,Ei Mindspark
4129415,Manas International Play and Primary School,Dhanbad,Only Mindspark,Ei Mindspark
5107064,Manas International School,Dhanbad,Only Mindspark,Ei Mindspark
173767,Modern High School For Girls,Kolkata,Only Mindspark,Ei Mindspark
5037530,"Modi School, Gujarati Medium",Rajkot,Only Mindspark,Ei Mindspark
3167641,"Mount Litera Zee School, Surat",Surat,Only Mindspark,Ei Mindspark
5017915,National Public School - Kengeri,Bangalore,Only Mindspark,Ei Mindspark
2559923,Ramco Vidya Mandir School,Ariyalur,Only Mindspark,Ei Mindspark
2821214,Ramco Vidyalaya,Virudhunagar,Only Mindspark,Ei Mindspark
1823562,Roopnagar Public School,Jhalawar,Only Mindspark,Ei Mindspark
1720050,S H N V Matriculation School,Sivakasi,Only Mindspark,Ei Mindspark
5016446,SBOA Global School,Chennai,Only Mindspark,Ei Mindspark
5016478,SPK Jain Futuristic Academy,Kolkata,Only Mindspark,Ei Mindspark
5017989,Shri Rabindranath Tagore English Medium School (SRT),Rajkot,Only Mindspark,Ei Mindspark
3460346,Silver Point School,Kolkata,Only Mindspark,Ei Mindspark
5003047,Sondara Gurukul,Beed,Only Mindspark,Ei Mindspark
2385289,South City International School,Kolkata,Only Mindspark,Ei Mindspark
2459310,Sri Aham Aathma Vidyalaya,Bengaluru,Only Mindspark,Ei Mindspark
3856532,Sri National School,Gobichettipalayam,Only Mindspark,Ei Mindspark
5026233,St Mary's (Cambridge Board),Mumbai,Only Mindspark,Ei Mindspark
34097,"Sunbeam English School, Bhagwanpur",Varanasi,Only Mindspark,Ei Mindspark
810367,"Sunbeam School, Lahartara",Varanasi,Only Mindspark,Ei Mindspark
810125,"Sunbeam School, Varuna",Varanasi,Only Mindspark,Ei Mindspark
2473015,Sunbeam Suncity (School & Hostel),Varanasi,Only Mindspark,Ei Mindspark
5014915,"Tapasvi International School, Rajkot",Rajkot,Only Mindspark,Ei Mindspark
3401697,Thamarai International School,Kumbakonam,Only Mindspark,Ei Mindspark
5017598,Thamarai^s,Thanjavur,Only Mindspark,Ei Mindspark
3795896,Thangam World School,Salem,Only Mindspark,Ei Mindspark
356995,The Rajkumar College,Rajkot,Only Mindspark,Ei Mindspark
2470230,The Samhita Academy,Bangalore,Only Mindspark,Ei Mindspark
165035,"The Scindia School, Fort",Gwalior,Only Mindspark,Ei Mindspark
1337248,The Sivakasi Lions Matriculation Higher Secondary School,Sivakasi,Only Mindspark,Ei Mindspark
3443832,The Wisdom Tree School,Greater Noida,Only Mindspark,Ei Mindspark
2503335,Vidya Vanam Sr Sec School,Coimbatore,Only Mindspark,Ei Mindspark
5018520,"Vidyakunj International School, Shajapur",Shajapur,Only Mindspark,Ei Mindspark
5094396,"Vision Coaching Classes, Baner",Pune,Only Mindspark,Ei Mindspark
1940242,Vivekananda Mission School,Haldia,Only Mindspark,Ei Mindspark
5017447,Vivekananda Mission School Baruipur,Kolkata,Only Mindspark,Ei Mindspark
3187344,Yagappa International Residential School,Thanjavur,Only Mindspark,Ei Mindspark
